x,y
1.000000000000000000e+00,1.583443941096751009e-03
9.999376947588286546e-01,1.596023463368482056e-03
9.997507945630869086e-01,1.633766763924777423e-03
9.994393459922217282e-01,1.696687828555224539e-03
9.990034266657467077e-01,1.784809254058765827e-03
9.984431452238966553e-01,1.898161197267231185e-03
9.977586413005529176e-01,2.036779939849892637e-03
9.969500854884438823e-01,2.200706104088039159e-03
9.960176792966288772e-01,2.389982563480338041e-03
9.949616551002785636e-01,2.604652099715214220e-03
9.937822760827619284e-01,2.844754864049826165e-03
9.924798361700553073e-01,3.110325706310345870e-03
9.910546599574902027e-01,3.401391438452921676e-03
9.895071026288572158e-01,3.717968101804465346e-03
9.878375498678868549e-01,4.060058307675489322e-03
9.860464177621284243e-01,4.427648719978371367e-03
9.841341526992535282e-01,4.820707745800436629e-03
9.821012312558058399e-01,5.239183495618913652e-03
9.799481600784284430e-01,5.683002069076978878e-03
9.776754757575973898e-01,6.152066215083371557e-03
9.752837446938913413e-01,6.646254406590695017e-03
9.727735629568334819e-01,7.165420360919546455e-03
9.701455561363376834e-01,7.709393026124750949e-03
9.674003791867991087e-01,8.277977042857324191e-03
9.645387162638652256e-01,8.870953679698858826e-03
9.615612805539303087e-01,9.488082228273006513e-03
9.584688140963942837e-01,1.012910183282770410e-02
9.552620875987311022e-01,1.079373371768093705e-02
9.519419002444117206e-01,1.148168376518535726e-02
9.485090794937317549e-01,1.219264538693146105e-02
9.449644808775901073e-01,1.292630262200693964e-02
9.413089877842735209e-01,1.368233338846599513e-02
9.375435112392968007e-01,1.446041280792926056e-02
9.336689896783572085e-01,1.526021651858716632e-02
9.296863887134559912e-01,1.608142388895159730e-02
9.255967008922472150e-01,1.692372104358463164e-02
9.214009454506751906e-01,1.778680361279178293e-02
9.171001680589587757e-01,1.867037912092497920e-02
9.126954405609881693e-01,1.957416893247807682e-02
9.081878607071995901e-01,2.049790968152620171e-02
9.035785518809926753e-01,2.144135411816676384e-02
8.988686628187596561e-01,2.240427131533550067e-02
8.940593673235961436e-01,2.338644619053581106e-02
8.891518639727649109e-01,2.438767830943907103e-02
8.841473758189852816e-01,2.540777995176651816e-02
8.790471500856227305e-01,2.644657343410383374e-02
8.738524578558546363e-01,2.750388769906301004e-02
8.685645937558894580e-01,2.857955419521273493e-02
8.631848756323197147e-01,2.967340208715905925e-02
8.577146442236855961e-01,3.078525284978262180e-02
8.521552628263360241e-01,3.191491431463125417e-02
8.465081169546658790e-01,3.306217424955297524e-02
8.407746139958167664e-01,3.422679356455628208e-02
8.349561828589274759e-01,3.540849924735754717e-02
8.290542736190187334e-01,3.660697714089071464e-02
8.230703571556048370e-01,3.782186468201170076e-02
8.170059247861193308e-01,3.905274372556723217e-02
8.108624878942475300e-01,4.029913358078201363e-02
8.046415775532583803e-01,4.156048438746051676e-02
7.983447441444280201e-01,4.283617095775139189e-02
7.919735569706529699e-01,4.412548720517443096e-02
7.855296038653474255e-01,4.542764127630288806e-02
7.790144907967200272e-01,4.674175149200478219e-02
7.724298414675350166e-01,4.806684319459596927e-02
7.657772969104506000e-01,4.940184658481393265e-02
7.590585150790387647e-01,5.074559561837441862e-02
7.522751704345886914e-01,5.209682801626479287e-02
7.454289535287967894e-01,5.345418642611695498e-02
7.385215705824448307e-01,5.481622075428072005e-02
7.315547430601738732e-01,5.618139166989123690e-02
7.245302072414598893e-01,5.754807526361676445e-02
7.174497137878964592e-01,5.891456882521911576e-02
7.103150273068919995e-01,6.027909768588698980e-02
7.031279259118944358e-01,6.163982305384640981e-02
6.958902007792464595e-01,6.299485075533338418e-02
6.886036557017879423e-01,6.434224077792678742e-02
6.812701066393122007e-01,6.568001749977683823e-02
6.738913812659912406e-01,6.700618047666721810e-02
6.664693185148804488e-01,6.831871564934875740e-02
6.590057681196190842e-01,6.961560682635128949e-02
6.515025901534363673e-01,7.089484729267170326e-02
6.439616545655831858e-01,7.215445139243745198e-02
6.363848407153015474e-01,7.339246593391754447e-02
6.287740369034482413e-01,7.460698126809700570e-02
6.211311399018915047e-01,7.579614189740271901e-02
6.134580544807950453e-01,7.695815647898487932e-02
6.057566929339094353e-01,7.809130709707221007e-02
5.980289746019890051e-01,7.919395769116334416e-02
5.902768253944511434e-01,8.026456154096234252e-02
5.825021773093995714e-01,8.130166772475937165e-02
5.747069679521303875e-01,8.230392648511429543e-02
5.668931400522394526e-01,8.327009345389788098e-02
5.590626409794539065e-01,8.419903270765671799e-02
5.512174222583066108e-01,8.508971864353541414e-02
5.433594390817753084e-01,8.594123668526200410e-02
5.354906498240078472e-01,8.675278284761754610e-02
5.276130155522540388e-01,8.752366220601690006e-02
5.197284995381263872e-01,8.825328633498606690e-02
5.118390667683120343e-01,8.894116979510841015e-02
5.039466834548564922e-01,8.958692576213819758e-02
4.960533165451432858e-01,9.019026090417420205e-02
4.881609332316879657e-01,9.075096962283156488e-02
4.802715004618736128e-01,9.126892778205128454e-02
4.723869844477459057e-01,9.174408605341310974e-02
4.645093501759919308e-01,9.217646300947189564e-02
4.566405609182245251e-01,9.256613809667976756e-02
4.487825777416932782e-01,9.291324461690038394e-02
4.409373590205459825e-01,9.321796284142383482e-02
4.331068599477604364e-01,9.348051337386896475e-02
4.252930320478695014e-01,9.370115086857463971e-02
4.174978226906002621e-01,9.388015819924019900e-02
4.097231746055488566e-01,9.401784115892954097e-02
4.019710253980109393e-01,9.411452375738903198e-02
3.942433070660904537e-01,9.417054416527430305e-02
3.865419455192049547e-01,9.418625133767177804e-02
3.788688600981083288e-01,9.416200233161137190e-02
3.712259630965515922e-01,9.409816031447845730e-02
3.636151592846983971e-01,9.399509324272019295e-02
3.560383454344167031e-01,9.385317317339662846e-02
3.484974098465636327e-01,9.367277615531509338e-02
3.409942318803809158e-01,9.345428263206352615e-02
3.335306814851193291e-01,9.319807827655306187e-02
3.261086187340087594e-01,9.290455516598794539e-02
3.187298933606876883e-01,9.257411319776073788e-02
3.113963442982119467e-01,9.220716164083712918e-02
3.041097992207534295e-01,9.180412071391023943e-02
2.968720740881054532e-01,9.136542308108369648e-02
2.896849726931078894e-01,9.089151515813904958e-02
2.825502862121034298e-01,9.038285812755465776e-02
2.754697927585397776e-01,8.983992856830885776e-02
2.684452569398261268e-01,8.926321861699607063e-02
2.614784294175551138e-01,8.865323558973667306e-02
2.545710464712032106e-01,8.801050100953200506e-02
2.477248295654112531e-01,8.733554900082084183e-02
2.409414849209611797e-01,8.662892403170452393e-02
2.342227030895492890e-01,8.589117800424396487e-02
2.275701585324647058e-01,8.512286671399255100e-02
2.209855092032799173e-01,8.432454572107701829e-02
2.144703961346525745e-01,8.349676569621126976e-02
2.080264430293467526e-01,8.264006732557657720e-02
2.016552558555720354e-01,8.175497587804013422e-02
1.953584224467415642e-01,8.084199555626069011e-02
1.891375121057524145e-01,7.990160376940648457e-02
1.829940752138806137e-01,7.893424547904770439e-02
1.769296428443949964e-01,7.794032778092291336e-02
1.709457263809811556e-01,7.692021489335061635e-02
1.650438171410723021e-01,7.587422372778274138e-02
1.592253860041831226e-01,7.480262021813378903e-02
1.534918830453340655e-01,7.370561658289251361e-02
1.478447371736639759e-01,7.258336968752676643e-02
1.422853557763143484e-01,7.143598066428707982e-02
1.368151243676802298e-01,7.026349593223947532e-02
1.314354062441104865e-01,6.906590974232515445e-02
1.261475421441454192e-01,6.784316835063762541e-02
1.209528499143772695e-01,6.659517589819038963e-02
1.158526241810146074e-01,6.532180204754783892e-02
1.108481360272349225e-01,6.402289139620433167e-02
1.059406326764038009e-01,6.269827465398360167e-02
1.011313371812402884e-01,6.134778153749835539e-02
9.642144811900738022e-02,5.997125529941886579e-02
9.181213929280040986e-02,5.856856877454571370e-02
8.730455943901183069e-02,5.713964178909007596e-02
8.289983194104122433e-02,5.568445974476791960e-02
7.859905454932464286e-02,5.420309315597796052e-02
7.440329910775272948e-02,5.269571788708122401e-02
7.031361128654400883e-02,5.116263580827447310e-02
6.633101032164262501e-02,4.960429556334971374e-02
6.245648876070314381e-02,4.802131312131548146e-02
5.869101221572647908e-02,4.641449176694506518e-02
5.503551912240989274e-02,4.478484117326438779e-02
5.149092050626824513e-02,4.313359519218598614e-02
4.805809975558816838e-02,4.146222799825320660e-02
4.473791240126889779e-02,3.977246822500078022e-02
4.153118590360560525e-02,3.806631074391515768e-02
3.843871944606963575e-02,3.634602575242897038e-02
3.546128373613471885e-02,3.461416485976256951e-02
3.259962081320089133e-02,3.287356388758637393e-02
2.985444386366220559e-02,3.112734213616962994e-02
2.722643704316640711e-02,2.937889790557327713e-02
2.471625530610860322e-02,2.763190010508986133e-02
2.232452424240255473e-02,2.589027583202713895e-02
2.005183992157150152e-02,2.415819385246080475e-02
1.789876874419416009e-02,2.244004397107373511e-02
1.586584730074636074e-02,2.074041233392632036e-02
1.395358223787152019e-02,1.906405276615761452e-02
1.216245013211320058e-02,1.741585430538372670e-02
1.049289737114272869e-02,1.580080515006954123e-02
8.945340042509797307e-03,1.422395329952393095e-02
7.520163829944748191e-03,1.269036421753381300e-02
6.217723917238127118e-03,1.120507590413501176e-02
5.038344899721436398e-03,9.773051808777084848e-03
3.982320703371122761e-03,8.399132062369637358e-03
3.049914511556117702e-03,7.087983544647019282e-03
2.241358699447026925e-03,5.844049336266566273e-03
1.556854776103400173e-03,4.671498131450911410e-03
9.965733342532923089e-04,3.574174206270068575e-03
5.606540077782162790e-04,2.555548549405222206e-03
2.492054369130913827e-04,1.618671766110767619e-03
6.230524117134539352e-05,7.661293618900878255e-04
0.000000000000000000e+00,0.000000000000000000e+00
6.230524117134539352e-05,-1.770811057975114249e-03
2.492054369130913827e-04,-3.455481379227584929e-03
5.606540077782162790e-04,-5.055954725173250966e-03
9.965733342532923089e-04,-6.574656819637109822e-03
1.556854776103400173e-03,-8.014441667523759111e-03
2.241358699447082437e-03,-9.378535434352960193e-03
3.049914511556117702e-03,-1.067047864652619603e-02
3.982320703371122761e-03,-1.189406747411938040e-02
5.038344899721436398e-03,-1.305329484944686876e-02
6.217723917238127118e-03,-1.415229215589972056e-02
7.520163829944748191e-03,-1.519527219306637290e-02
8.945340042509797307e-03,-1.618647408649476205e-02
1.049289737114278420e-02,-1.713011076435676239e-02
1.216245013211320058e-02,-1.803031956956167164e-02
1.395358223787152019e-02,-1.889111651546857701e-02
1.586584730074641625e-02,-1.971635462728149601e-02
1.789876874419416009e-02,-2.050968674056903931e-02
2.005183992157155703e-02,-2.127453305426574293e-02
2.232452424240261024e-02,-2.201405365915994755e-02
2.471625530610860322e-02,-2.273112618543850910e-02
2.722643704316646263e-02,-2.342832863552303524e-02
2.985444386366226110e-02,-2.410792739235652696e-02
3.259962081320089133e-02,-2.477187031959958083e-02
3.546128373613471885e-02,-2.542178479993353890e-02
3.843871944606969127e-02,-2.605898049183255974e-02
4.153118590360571627e-02,-2.668445652465220932e-02
4.473791240126889779e-02,-2.729891279749509236e-02
4.805809975558827940e-02,-2.790276499973014940e-02
5.149092050626824513e-02,-2.849616293083605950e-02
5.503551912240989274e-02,-2.907901166484208599e-02
5.869101221572653460e-02,-2.965099508035636683e-02
6.245648876070319933e-02,-3.021160126117186651e-02
6.633101032164273603e-02,-3.076014926475480540e-02
7.031361128654400883e-02,-3.129581675644650673e-02
7.440329910775272948e-02,-3.181766801571702524e-02
7.859905454932480939e-02,-3.232468183693980313e-02
8.289983194104127984e-02,-3.281577887043840569e-02
8.730455943901188620e-02,-3.328984797941225704e-02
9.181213929280046537e-02,-3.374577122410366004e-02
9.642144811900738022e-02,-3.418244712546916059e-02
1.011313371812403439e-01,-3.459881190584217225e-02
1.059406326764038564e-01,-3.499385845274508022e-02
1.108481360272351446e-01,-3.536665280321572846e-02
1.158526241810146629e-01,-3.571634799882190958e-02
1.209528499143773250e-01,-3.604219521500919010e-02
1.261475421441454192e-01,-3.634355212163336429e-02
1.314354062441105975e-01,-3.661988848357274062e-02
1.368151243676802853e-01,-3.687078906032635606e-02
1.422853557763144039e-01,-3.709595391069069048e-02
1.478447371736640314e-01,-3.729519625221718038e-02
1.534918830453341210e-01,-3.746843806453890174e-02
1.592253860041831781e-01,-3.761570366023852391e-02
1.650438171410725241e-01,-3.773711147624170953e-02
1.709457263809812111e-01,-3.783286436238646189e-02
1.769296428443952185e-01,-3.790323866158328003e-02
1.829940752138806692e-01,-3.794857238767680024e-02
1.891375121057524700e-01,-3.796925281272136438e-02
1.953584224467416197e-01,-3.796570377493785342e-02
2.016552558555720354e-01,-3.793837301231617332e-02
2.080264430293469746e-01,-3.788771981492412844e-02
2.144703961346526300e-01,-3.781420327185669450e-02
2.209855092032799728e-01,-3.771827136685217130e-02
2.275701585324649279e-01,-3.760035115044910170e-02
2.342227030895493445e-01,-3.746084018674282479e-02
2.409414849209612353e-01,-3.730009943997912580e-02
2.477248295654113086e-01,-3.711844773107026568e-02
2.545710464712032106e-01,-3.691615785735780780e-02
2.614784294175551693e-01,-3.669345443129844175e-02
2.684452569398261268e-01,-3.645051345594611802e-02
2.754697927585401107e-01,-3.618746361786090437e-02
2.825502862121035408e-01,-3.590438924208080168e-02
2.896849726931080005e-01,-3.560133481970591263e-02
2.968720740881055642e-01,-3.527831098706570023e-02
3.041097992207534850e-01,-3.493530180691813147e-02
3.113963442982120577e-01,-3.457227317714417492e-02
3.187298933606877993e-01,-3.418918217135517162e-02
3.261086187340088149e-01,-3.378598709904884895e-02
3.335306814851195512e-01,-3.336265806066593398e-02
3.409942318803809158e-01,-3.291918776526808060e-02
3.484974098465636883e-01,-3.245560237563154676e-02
3.560383454344168142e-01,-3.197197214730447545e-02
3.636151592846984526e-01,-3.146842163448824309e-02
3.712259630965517587e-01,-3.094513924627473322e-02
3.788688600981084953e-01,-3.040238595152246898e-02
3.865419455192049547e-01,-2.984050294913137558e-02
3.942433070660905092e-01,-2.925991814226520590e-02
4.019710253980109949e-01,-2.866115127969764975e-02
4.097231746055489121e-01,-2.804481765440854785e-02
4.174978226906004286e-01,-2.741163027827326487e-02
4.252930320478696125e-01,-2.676240048159842996e-02
4.331068599477604919e-01,-2.609803691676599452e-02
4.409373590205460380e-01,-2.541954297576384456e-02
4.487825777416933337e-01,-2.472801266132006182e-02
4.566405609182246916e-01,-2.402462498015736636e-02
4.645093501759920973e-01,-2.331063695400679633e-02
4.723869844477459612e-01,-2.258737536897533274e-02
4.802715004618736683e-01,-2.185622740620285498e-02
4.881609332316880212e-01,-2.111863031608037997e-02
4.960533165451434523e-01,-2.037606031431078019e-02
5.039466834548567142e-01,-1.963002089051086099e-02
5.118390667683120343e-01,-1.888203072870053151e-02
5.197284995381263872e-01,-1.813361144378315692e-02
5.276130155522540388e-01,-1.738627533895839919e-02
5.354906498240080692e-01,-1.664151338596243923e-02
5.433594390817755304e-01,-1.590078362321466904e-02
5.512174222583067218e-01,-1.516550015654464026e-02
5.590626409794540175e-01,-1.443702293343229574e-02
5.668931400522395636e-01,-1.371664844492173109e-02
5.747069679521304986e-01,-1.300560148993219929e-02
5.825021773093996824e-01,-1.230502811499571691e-02
5.902768253944511434e-01,-1.161598981894645943e-02
5.980289746019891162e-01,-1.093945908724843624e-02
6.057566929339095463e-01,-1.027631629497009064e-02
6.134580544807950453e-01,-9.627347991399887173e-03
6.211311399018917268e-01,-8.993246553452700215e-03
6.287740369034484633e-01,-8.374611169834202812e-03
6.363848407153016584e-01,-7.771950093885889206e-03
6.439616545655832969e-01,-7.185684080574763349e-03
6.515025901534363673e-01,-6.616150902627385491e-03
6.590057681196190842e-01,-6.063610822706997673e-03
6.664693185148806709e-01,-5.528252883110634092e-03
6.738913812659912406e-01,-5.010201861981574377e-03
6.812701066393123117e-01,-4.509525735691549686e-03
6.886036557017880533e-01,-4.026243480985854106e-03
6.958902007792465705e-01,-3.560333047772965866e-03
7.031279259118945468e-01,-3.111739334087363328e-03
7.103150273068921106e-01,-2.680381998699501479e-03
7.174497137878965702e-01,-2.266162953969063851e-03
7.245302072414602224e-01,-1.868973391654578679e-03
7.315547430601738732e-01,-1.488700207264821544e-03
7.385215705824448307e-01,-1.125231703877016542e-03
7.454289535287967894e-01,-7.784624738191688520e-04
7.522751704345886914e-01,-4.482973758465261640e-04
7.590585150790387647e-01,-1.346545460350269830e-04
7.657772969104507110e-01,1.625325978581787165e-04
7.724298414675352387e-01,4.433143767915161647e-04
7.790144907967200272e-01,7.077248917361028896e-04
7.855296038653474255e-01,9.557830603184689494e-04
7.919735569706531919e-01,1.187494602364496049e-03
7.983447441444280201e-01,1.402854908226502722e-03
8.046415775532584913e-01,1.601852705693130414e-03
8.108624878942476411e-01,1.784474425134741299e-03
8.170059247861194418e-01,1.950709148625223797e-03
8.230703571556050591e-01,2.100554017357881328e-03
8.290542736190188444e-01,2.234019962940855808e-03
8.349561828589276979e-01,2.351137622262373678e-03
8.407746139958168774e-01,2.451963292647530920e-03
8.465081169546659901e-01,2.536584784017036770e-03
8.521552628263360241e-01,2.605127027675166029e-03
8.577146442236855961e-01,2.657757307114110359e-03
8.631848756323197147e-01,2.694689984682011388e-03
8.685645937558894580e-01,2.716190608929420179e-03
8.738524578558546363e-01,2.722579300680539206e-03
8.790471500856227305e-01,2.714233331087102536e-03
8.841473758189853926e-01,2.691588821791782594e-03
8.891518639727651330e-01,2.655141515502350193e-03
8.940593673235961436e-01,2.605446584381919568e-03
8.988686628187596561e-01,2.543117463303624752e-03
9.035785518809926753e-01,2.468823714801025859e-03
9.081878607071995901e-01,2.383287952070020903e-03
9.126954405609881693e-01,2.287281865253583141e-03
9.171001680589587757e-01,2.181621414092442535e-03
9.214009454506753016e-01,2.067161266501360561e-03
9.255967008922472150e-01,1.944788577410065753e-03
9.296863887134559912e-01,1.815416215004377184e-03
9.336689896783574305e-01,1.679975552072620693e-03
9.375435112392969117e-01,1.539408948306415521e-03
9.413089877842735209e-01,1.394662054975393667e-03
9.449644808775901073e-01,1.246676076295915279e-03
9.485090794937317549e-01,1.096380122002189915e-03
9.519419002444118316e-01,9.446837831172842171e-04
9.552620875987311022e-01,7.924700577768963115e-04
9.584688140963943948e-01,6.405887463000008424e-04
9.615612805539304198e-01,4.898504246954318245e-04
9.645387162638652256e-01,3.410210936568903485e-04
9.674003791867991087e-01,1.948175860871709708e-04
9.701455561363377944e-01,5.190380059809941287e-05
9.727735629568335929e-01,-8.711218842162486242e-05
9.752837446938913413e-01,-2.216801113453778288e-04
9.776754757575973898e-01,-3.513085599456457772e-04
9.799481600784285540e-01,-4.755651241131512389e-04
9.821012312558058399e-01,-5.940756309367596589e-04
9.841341526992536393e-01,-7.065225261487652992e-04
9.860464177621284243e-01,-8.126424547417382188e-04
9.878375498678868549e-01,-9.122231131033359253e-04
9.895071026288573268e-01,-1.005099458983369290e-03
9.910546599574902027e-01,-1.091149377727097672e-03
9.924798361700553073e-01,-1.170288913238922649e-03
9.937822760827619284e-01,-1.242467179886501015e-03
9.949616551002785636e-01,-1.307661076865994148e-03
9.960176792966288772e-01,-1.365869929324325200e-03
9.969500854884438823e-01,-1.417110180725410186e-03
9.977586413005530286e-01,-1.461410258557343514e-03
9.984431452238966553e-01,-1.498805730561769689e-03
9.990034266657467077e-01,-1.529334861331904920e-03
9.994393459922217282e-01,-1.553034669526381396e-03
9.997507945630869086e-01,-1.569937574283453022e-03
9.999376947588286546e-01,-1.580068705935516000e-03
1.000000000000000000e+00,-1.583443941096751009e-03
